username,index_id
knihypaseka,16
gitagitka,13
crazyboy77777,161
knihypaseka,7
knihypaseka,454
katka3899,161
kristina.synakova1,13
essentials.daisydrop,29
annaprehodova,161
patrikm18,5
zemancik.radoslav,29
henta__tam,0
janka_tomanova,5
knihypaseka,9
kristina_kali,5
henta__tam,5
essentials.daisydrop,16
janka_tomanova,5
katka3899,161
dasti96,29
katka3899,0
alenkakordiak,7
zemancik.radoslav,9
ziarivy,29
kristina_kali,16
essentials.daisydrop,16
kristina_kali,7
essentials.daisydrop,13
ziarivy,0
essentials.daisydrop,29
ziarivy,0
henta__tam,0
essentials.daisydrop,0
patrikm18,0
janka_tomanova,0
ziarivy,7
alenkakordiak,454
dasti96,161
dasti96,5
knihypaseka,7
essentials.daisydrop,454
kristina.synakova1,7
annaprehodova,454
crazyboy77777,454
silviabucsekova,13
henta__tam,454
crazyboy77777,454
kristina_kali,454
zemancik.radoslav,161
ziarivy,454
janka_tomanova,161
ziarivy,9
janka_tomanova,7
kristina.synakova1,7
ziarivy,454
